,Title,Link,Views,Posted,Clean_Views
0,dancing with the boiz | STEEZY.CO #Shorts,https://www.youtube.com/watch?v=9P4lQ0J6MZM,30K views,2 days ago,30000
1,Body - Megan Thee Stallion | Jonathan Sison Choreography | STEEZY.CO,https://www.youtube.com/watch?v=OsXsz_9oPNU,10K views,3 days ago,10000
2,Beginner vs Advanced Dancer ‚Äì 2 Levels of Dancers Take The Same Class | STEEZY.CO,https://www.youtube.com/watch?v=sLGGIqsf98c,30K views,1 week ago,30000
3,How to behave in a dance class | STEEZY.CO #Shorts,https://www.youtube.com/watch?v=p79XhmG-Kj8,15K views,1 week ago,15000
4,Brinn Nicole making dancer sounds | STEEZY.CO #Shorts,https://www.youtube.com/watch?v=ZcszW6URIl4,12K views,1 week ago,12000
5,If Brian Puspos danced to IceJJFish | STEEZY.CO #Shorts,https://www.youtube.com/watch?v=lfAT3xuLEJ0,11K views,1 week ago,11000
6,Dancer Talk with Nicole Kirkland | STEEZY #Shorts,https://www.youtube.com/watch?v=ivzPBXMEXgw,11K views,1 week ago,11000
7,Can you name these dance moves? | STEEZY #Shorts,https://www.youtube.com/watch?v=0z9TGLMVee4,8K views,2 weeks ago,8000
8,Ultimate Guide To Learning Dance For Beginners | STEEZY.CO,https://www.youtube.com/watch?v=C62596gVnT8,27K views,2 weeks ago,27000
9,What‚Äôs That Dance Move? | STEEZY.CO #Shorts,https://www.youtube.com/watch?v=fi9rbSSFHIc,8.8K views,2 weeks ago,8800
10,Unexpected Michael Jackson üï∫ | STEEZY.CO #Shorts,https://www.youtube.com/watch?v=3az1i97_4Ng,22K views,2 weeks ago,22000
11,We switched his music to Taylor Swift | STEEZY.CO #Shorts,https://www.youtube.com/watch?v=wY4ReF_7Bu0,20K views,2 weeks ago,20000
12,Building Our Second Dance Studio | STEEZY.CO #Shorts,https://www.youtube.com/watch?v=sLb9rsUHoE8,10K views,2 weeks ago,10000
13,There Are Two Types Of Dancers | STEEZY.CO #Shorts,https://www.youtube.com/watch?v=pLt0SKGHGKY,21K views,2 weeks ago,21000
14,When you only know 1 dance move... | STEEZY.CO #Shorts,https://www.youtube.com/watch?v=EsBeSnBiHMQ,25K views,2 weeks ago,25000
15,Dancers Are The Athletes of God | STEEZY.CO #Shorts,https://www.youtube.com/watch?v=_o-kRdi7VWg,21K views,3 weeks ago,21000
16,5 Dance Myths That Are FALSE | STEEZY.CO,https://www.youtube.com/watch?v=32b29gKjaiA,44K views,3 weeks ago,44000
17,When you actually know how to dance at the club | STEEZY.CO #Shorts,https://www.youtube.com/watch?v=hqdVcjZ8r7Q,17K views,3 weeks ago,17000
18,#PermissiontoDance (Krump Version) | STEEZY.CO #Shorts,https://www.youtube.com/watch?v=s0PVnBeNXdU,21K views,3 weeks ago,21000
19,Asking Our Beginner Dance Coworker To Name These Moves | STEEZY.CO #Shorts,https://www.youtube.com/watch?v=utMj_thJaKk,14K views,3 weeks ago,14000
20,Who‚Äôs That Dancer? | STEEZY.CO #Shorts,https://www.youtube.com/watch?v=DbuN421zDdw,11K views,3 weeks ago,11000
21,3 Easy Dance Moves (To Do At The CLUB or a WEDDING) | STEEZY.CO,https://www.youtube.com/watch?v=CiJZ9Q5JCFo,44K views,3 weeks ago,44000
22,Dancers avoiding copyright infringement like... üò¨ (ft. Brian Puspos) | STEEZY.CO #Shorts,https://www.youtube.com/watch?v=ZTzviYeBpcg,22K views,3 weeks ago,22000
23,Our Favorite Dance Shoes | STEEZY.CO #Shorts,https://www.youtube.com/watch?v=9pf_C4_r8ss,20K views,4 weeks ago,20000
24,Dancers React to BTS J-Hope (Part 2) & ‚ÄòPermission To Dance‚Äô | STEEZY.CO,https://www.youtube.com/watch?v=SLiKwXtkEhI,214K views,4 weeks ago,214000
25,Sorah Yang - Dancer Expectations vs. Reality | STEEZY.CO #Shorts,https://www.youtube.com/watch?v=_X-8ZFFM0pg,21K views,4 weeks ago,21000
26,Ways To Practice Dance At Home | STEEZY.CO #Shorts,https://www.youtube.com/watch?v=QX1TRwRFvrU,22K views,4 weeks ago,22000
27,Up - Cardi B | Bailey Sok & Sienna Lalau Choreography | STEEZY.CO,https://www.youtube.com/watch?v=0iRLFB-awlI,189K views,4 weeks ago,189000
28,YAS & taylor from earth ‚Äì FOOL AROUND (Behind The Scenes) | STEEZY.CO,https://www.youtube.com/watch?v=7tsCXQKmNO0,5.6K views,4 weeks ago,5600
29,The Cosby Walk - A Brief History | Viral Dance Moves | STEEZY.CO #Shorts,https://www.youtube.com/watch?v=8OKY-XGRPXQ,12K views,1 month ago,12000
30,Jun Quemado - Dancer Expectations vs. Reality | STEEZY.CO #Shorts,https://www.youtube.com/watch?v=7PuN1BWiAyk,23K views,1 month ago,23000
31,Learn How To Body Roll in 4 Minutes | STEEZY.CO,https://www.youtube.com/watch?v=CSD0dhibOzY,19K views,1 month ago,19000
32,Brian Puspos - Dancer Expectations vs. Reality | STEEZY.CO #Shorts,https://www.youtube.com/watch?v=6UDX6K0gkF0,27K views,1 month ago,27000
33,YAS & taylor from earth - FOOL AROUND (Official Music Video) | STEEZY.CO,https://www.youtube.com/watch?v=mbotgq5X5S0,39K views,1 month ago,39000
34,How To Pop Your Arms | STEEZY.CO #Shorts,https://www.youtube.com/watch?v=jAh5GhSBxww,26K views,1 month ago,26000
35,Bailey Sok - Dancer Expectations vs. Reality | STEEZY.CO #Shorts,https://www.youtube.com/watch?v=bNghHSpf7c8,103K views,1 month ago,103000
36,"Producers Make Song To Dancer's Choreography! ‚Äì Ft. David Lee, MATHS TIME JOY, & Rich | STEEZY.CO",https://www.youtube.com/watch?v=vPSInbKy2hg,40K views,1 month ago,40000
37,When you forget the choreography | STEEZY.CO #Shorts,https://www.youtube.com/watch?v=HWORLdj5PFw,37K views,1 month ago,37000
38,What To Do With Your Hands When Dancing | STEEZY.CO #Shorts,https://www.youtube.com/watch?v=PD3t4u-vpS0,112K views,1 month ago,112000
39,What A Dancer Thinks When They‚Äôre Performing | STEEZY.CO #Shorts,https://www.youtube.com/watch?v=EYf5oq7KK_k,59K views,1 month ago,59000
40,Gina Hong - Dancer Expectations vs. Reality | STEEZY.CO #Shorts,https://www.youtube.com/watch?v=zvGrJEx5Ho8,107K views,1 month ago,107000
41,ÎààÎàÑÎÇúÎÇò (NUNU NANA) - Jessi (Ï†úÏãú) | Kassie Yeung Cover | STEEZY.CO,https://www.youtube.com/watch?v=MKFhbH2YSGM,21K views,1 month ago,21000
42,Kassie Yeung - Dancer Expectations vs. Reality | STEEZY.CO #Shorts,https://www.youtube.com/watch?v=55y5_WwXDv0,53K views,1 month ago,53000
43,5 Reasons You Aren‚Äôt Getting Better At Dancing (Easy Fixes) | STEEZY.CO,https://www.youtube.com/watch?v=EcPuwOoLp4Y,180K views,1 month ago,180000
44,Dancing With Your Feet (How To Fix It) | STEEZY.CO,https://www.youtube.com/watch?v=TPClzeTAMhI,70K views,1 month ago,70000
45,"3 Dancers Choreograph To The Same Song ‚Äì Ft. Nicole Kirkland, Kayla Brenda, David Slaney | STEEZY.CO",https://www.youtube.com/watch?v=7HYGlDCmsOQ,148K views,1 month ago,148000
46,How A Dancer Choreographs A Dance Routine ‚Äì Ft. Jun Quemado | STEEZY.CO,https://www.youtube.com/watch?v=P1nIeh3XsoE,71K views,1 month ago,71000
47,Bailey Sok & Sienna Lalau Dance Class... but you can switch views | STEEZY.CO #Shorts,https://www.youtube.com/watch?v=zkiD8sMJCpc,31K views,1 month ago,31000
48,Dancers React to BTS J-Hope Dancing | STEEZY.CO,https://www.youtube.com/watch?v=fHdUQU82M24,440K views,2 months ago,440000
49,Jonathan Sison ‚Äî Then To Now | STEEZY.CO #Shorts,https://www.youtube.com/watch?v=x64REQ9lXX8,26K views,2 months ago,26000
50,"3 Dancers Choreograph To The Same Song | Leave The Door Open - Bruno Mars, Anderson Paak | STEEZY.CO",https://www.youtube.com/watch?v=L04zw2fKWWU,157K views,2 months ago,157000
51,How To Do A Hand Wave | STEEZY.CO #Shorts,https://www.youtube.com/watch?v=vhuZ4SCaN-0,13M views,2 months ago,13000000
52,How to Choreograph Without Knowing How to Count Music | STEEZY.CO,https://www.youtube.com/watch?v=h8Eo9HrS_8k,31K views,2 months ago,31000
53,How A Dancer Choreographs A Dance Routine ‚Äì Ft. Nicole Kirkland | STEEZY.CO,https://www.youtube.com/watch?v=za6Lzc7NvYw,149K views,2 months ago,149000
54,"3 Dancers Choreograph To The Same Song ‚Äì Ft. Ian Eastwood, Brian Puspos, & Melvin Timtim | STEEZY.CO",https://www.youtube.com/watch?v=5w57I4k6i2M,765K views,2 months ago,765000
55,Learn These 6 Satisfying Dance Moves w/ Tristan Edpao (Impress Your Friends!) | STEEZY.CO,https://www.youtube.com/watch?v=QWQR5iuCY9o,446K views,3 months ago,446000
56,Producer Makes Song To Dancer's Choreography! ‚Äì Ft. Lophiile & Bianca Vallar | STEEZY.CO,https://www.youtube.com/watch?v=W7zaTZbqYfo,38K views,3 months ago,38000
57,3 Dancers Choreograph To The Same Song | Levitating - Dua Lipa Ft. DaBaby | STEEZY.CO,https://www.youtube.com/watch?v=QA5FocWd0qg,578K views,3 months ago,578000
58,A Dancer's Guide to Music Search | STEEZY.CO,https://www.youtube.com/watch?v=DQBE-74bOcg,28K views,3 months ago,28000
59,Producers Make Song To Dancer's Choreography! ‚Äì Ft. Karen Chuang & FARR | STEEZY.CO,https://www.youtube.com/watch?v=vNEi3ARz-eo,51K views,3 months ago,51000
60,Contemporary Dance: How To Get Started | STEEZY.CO,https://www.youtube.com/watch?v=i9isCQumafY,48K views,4 months ago,48000
61,10 Basic Terms You Need To Know To Start Learning Ballet | STEEZY.CO,https://www.youtube.com/watch?v=hX68vF5EnKE,10K views,4 months ago,10000
62,What You Need To Start Learning Ballet | STEEZY.CO,https://www.youtube.com/watch?v=8zY4RW10LUE,9.1K views,4 months ago,9100
63,Learn Beginner Contemporary Dance with Karen Chuang on STEEZY Studio | STEEZY.CO,https://www.youtube.com/watch?v=J_wT_eRYksY,14K views,4 months ago,14000
64,Learn Beginner Ballet with Brittany Cavaco on STEEZY Studio | STEEZY.CO,https://www.youtube.com/watch?v=-7n9CwAdPg0,8.5K views,4 months ago,8500
65,Learn Beginner Jazz Dance with Laura Ann Smyth on STEEZY Studio | STEEZY.CO,https://www.youtube.com/watch?v=cOPluzQFP30,9.6K views,4 months ago,9600
66,"3 Dancers Choreograph To The Same Song ‚Äì Ft. Phillip Chbeeb, Jaja Vankova, & Tam Rapp | STEEZY.CO",https://www.youtube.com/watch?v=GkC5OgsvIyQ,248K views,4 months ago,248000
67,Producer Makes Song To Dancer's Freestyle! ‚Äì Ft. Slim Boogie & Bad Snacks | STEEZY.CO,https://www.youtube.com/watch?v=PeTtbuCZlNM,72K views,4 months ago,72000
68,"3 Dancers Choreograph To The Same Song ‚Äì Ft. Angel Gibbs, Gordon Watkins, Hugh Aparente | STEEZY.CO",https://www.youtube.com/watch?v=RFXusgnm8_c,243K views,4 months ago,243000
69,Lite Feet vs. House Dancer ‚Äì Dancers Learn Each Other's Styles! | STEEZY.CO,https://www.youtube.com/watch?v=xrM6IXjfI3w,85K views,5 months ago,85000
70,"3 Dancers Choreograph To The Same Song ‚Äì Ft. Sienna Lalau, Drew Venegas, & Andrew Elam | STEEZY.CO",https://www.youtube.com/watch?v=in7llIN-LDE,275K views,5 months ago,275000
71,Learn These 6 Smooth Dance Moves w/ Alexander Chung (Try NOW!) | STEEZY.CO,https://www.youtube.com/watch?v=Eqevr-ZtFPs,155K views,5 months ago,155000
72,"3 Dancers Choreograph To The Same Song ‚Äì Ft. Sorah Yang, David Macias, & Halima Dodo | STEEZY.CO",https://www.youtube.com/watch?v=uRaISJ0cZvI,258K views,5 months ago,258000
73,Older vs. Younger Dancer ‚Äì Dancers Take The Same Class! | STEEZY.CO,https://www.youtube.com/watch?v=68eoxcay5Do,137K views,6 months ago,137000
74,6 Dancers Choreograph To The Same Song ‚Äì Couples Edition II | STEEZY.CO,https://www.youtube.com/watch?v=cDuxl0yUd8c,886K views,6 months ago,886000
75,Learn These 6 Powerful Dance Moves w/ Danyel Moulton (Easy Tutorial!) | STEEZY.CO,https://www.youtube.com/watch?v=Y6zoZ7_wJgE,406K views,6 months ago,406000
76,"Producers Make Song To Dancer's Choreography! ‚Äì¬†Ft. Brian Puspos, Yas, & Taylor | STEEZY.CO",https://www.youtube.com/watch?v=drECgyEolg0,131K views,6 months ago,131000
77,"3 Dancers Choreograph To The Same Song ‚Äì Ruthie Fantaye, Kaylar Preite, & Nena Muhammad | STEEZY.CO",https://www.youtube.com/watch?v=Wko7I9QcwUQ,355K views,6 months ago,355000
78,How To Dance Smooth and Clean | STEEZY.CO,https://www.youtube.com/watch?v=k3ltgqMR3Us,95K views,7 months ago,95000
79,Popping vs. Contemporary Dancer ‚Äì Dancers Learn Each Other‚Äôs Styles! | STEEZY.CO,https://www.youtube.com/watch?v=vpeWVB8Fa0Q,98K views,7 months ago,98000
80,One Way - 6LACK Ft. T-Pain | Alexander Chung Choreography | STEEZY.CO,https://www.youtube.com/watch?v=07dJIJbEErI,68K views,7 months ago,68000
81,How To Look Cool When You Dance | STEEZY.CO,https://www.youtube.com/watch?v=3YCS0pj2bJE,118K views,7 months ago,118000
82,Dancers With Different Body Types Take the Same Class! | STEEZY.CO,https://www.youtube.com/watch?v=9JL_k0rzTnY,161K views,7 months ago,161000
83,How To Dress For Dance | STEEZY.CO,https://www.youtube.com/watch?v=paDqQNhcZnI,162K views,7 months ago,162000
84,Producer Makes Song To Dancer's Choreography! ‚Äì¬†Ft. Claydohboon & Oksami | STEEZY.CO,https://www.youtube.com/watch?v=ftUfwA2NpoM,85K views,8 months ago,85000
85,"3 Dancers Choreograph To The Same Song ‚Äì Ft. Bam Martin, Joesar Alva, & Tony Tran | STEEZY.CO",https://www.youtube.com/watch?v=T_YT-JYK148,521K views,8 months ago,521000
86,"Monster - Shawn Mendes, Justin Bieber | Alexander Chung Choreography | STEEZY.CO",https://www.youtube.com/watch?v=bE-vNJHgw50,68K views,8 months ago,68000
87,Professional Dancers React to Your Dance Videos! | STEEZY.CO,https://www.youtube.com/watch?v=Kc-HMUYbDR4,109K views,8 months ago,109000
88,Influencers Learn Their First Dance Routine! | STEEZY.CO,https://www.youtube.com/watch?v=ghViajSmsVE,88K views,8 months ago,88000
89,Official STEEZY Merry Mix Challenge Song #MERRYMIXCHALLENGE | STEEZY.CO,https://www.youtube.com/watch?v=TfmSRGQoLss,19K views,8 months ago,19000
90,How A Professional Dancer Takes An Online Dance Class ‚Äì Ft. Alexander Chung | STEEZY.CO,https://www.youtube.com/watch?v=g-qOOOTeNDQ,70K views,8 months ago,70000
91,4 MORE Reasons Your Dancing Sucks (That You Never Knew Before) | STEEZY.CO,https://www.youtube.com/watch?v=PsGhgVBHFAc,83K views,9 months ago,83000
92,"Learn Locking with Dennis Danehy, Hurrikane, and FireLock on STEEZY Studio! | STEEZY.CO",https://www.youtube.com/watch?v=7ORbuaMW7A4,48K views,9 months ago,48000
93,Producer Makes Song To Dancer's Choreography! ‚Äì Ft. Bam Martin & SBU Beats | STEEZY.CO,https://www.youtube.com/watch?v=88zWxWRBy-w,118K views,9 months ago,118000
94,Millions - Young Thug | KK Harris Choreography | STEEZY.CO,https://www.youtube.com/watch?v=yqOsp-iF1Eo,41K views,9 months ago,41000
95,Hip Hop vs. Ballet Dancer ‚Äì Dancers Learn Each Other‚Äôs Styles! | STEEZY.CO,https://www.youtube.com/watch?v=R01C3vKQEtc,645K views,9 months ago,645000
96,Blue Power Ranger Learns His First Dance Routine! | STEEZY.CO,https://www.youtube.com/watch?v=rwptSzVa2VU,142K views,9 months ago,142000
97,PLAY - CHUNG HA | Arron Ocasla Cover | STEEZY.CO,https://www.youtube.com/watch?v=iHFwNB9sa88,23K views,9 months ago,23000
98,"3 Dancers Choreograph To The Same Song ‚Äì Ft. Marie Poppins, Kyla Fajardo, & Outrage | STEEZY.CO",https://www.youtube.com/watch?v=iZULz_TqXfA,386K views,9 months ago,386000
99,Go Crazy - Chris Brown & Young Thug | Alexander Chung Choreography | STEEZY.CO,https://www.youtube.com/watch?v=KYiis1GO1Ng,116K views,9 months ago,116000
100,Choreographing To A Song Made For A Different Dance Piece?! - Ft. Tony Tran & 6TH STREET | STEEZY.CO,https://www.youtube.com/watch?v=RqIl59N4uhs,121K views,9 months ago,121000
101,Gentleman - Gallant | Kyla Fajardo Choreography | STEEZY.CO,https://www.youtube.com/watch?v=KL9E9RUkpXA,68K views,9 months ago,68000
102,Wake Up Dead ‚Äì T-Pain Ft. Chris Brown | Jun Quemado Choreography | STEEZY.CO,https://www.youtube.com/watch?v=6_E2uUb-Jp4,41K views,10 months ago,41000
103,Are You Too Old To Start Dancing? | STEEZY.CO,https://www.youtube.com/watch?v=rwOR77dL7a0,30K views,10 months ago,30000
104,"3 Dancers Choreograph To The Same Song ‚Äì Ft. Bailey Sok, Josh Price, & Julian DeGuzman | STEEZY.CO",https://www.youtube.com/watch?v=hpuX8dRywsM,1.5M views,10 months ago,1500000
105,Learn The Hottest K-Pop Dance Covers With Ellen and Brian on STEEZY Studio | STEEZY.CO,https://www.youtube.com/watch?v=mFMZvx322YI,787K views,10 months ago,787000
106,Bad Bad News - Leon Bridges | Jay Chris Moore Choreography | STEEZY.CO,https://www.youtube.com/watch?v=R4kEbrnrCe4,18K views,10 months ago,18000
107,Producer Makes Song To Dancer's Choreography! ‚Äì Ft. Tony Tran & 6TH STREET | STEEZY.CO,https://www.youtube.com/watch?v=oIrY0YLFdiA,99K views,10 months ago,99000
108,Not You Too - Drake | Brian Puspos Choreography | STEEZY.CO,https://www.youtube.com/watch?v=GHL2b8vVHXo,83K views,10 months ago,83000
109,Tall vs. Short Dancer ‚Äì Dancers Learn Each Other‚Äôs Choreography! | STEEZY.CO,https://www.youtube.com/watch?v=bIoNHBwHGIc,167K views,10 months ago,167000
110,Why We‚Äôre Not Using the Term ‚ÄúUrban Dance‚Äù Anymore | STEEZY.CO,https://www.youtube.com/watch?v=XcbO0NSqR6s,54K views,10 months ago,54000
111,Reminder - Jayla Darden | Ysabelle Capitule Choreography | STEEZY.CO,https://www.youtube.com/watch?v=sj3Ym4CnpB8,31K views,10 months ago,31000
112,AtomicMari (Formerly from SMOSH Games) Learns A Dance Routine on STEEZY! | STEEZY.CO,https://www.youtube.com/watch?v=Rw15ztw38A8,77K views,11 months ago,77000
113,Take Mr. YouTube‚Äôs Beginner Lite Feet Program On STEEZY Studio | STEEZY.CO,https://www.youtube.com/watch?v=6_TtN2YE5rs,16K views,11 months ago,16000
114,Available - Justin Bieber | Alexander Chung Choreography | STEEZY.CO,https://www.youtube.com/watch?v=A-UPTjE3UcM,28K views,11 months ago,28000
115,"Learn These 6 Sexy, Feminine Dance Moves w/ Kayla Brenda (Easy Tutorial!) | STEEZY.CO",https://www.youtube.com/watch?v=sNfceblzqKc,1.4M views,11 months ago,1400000
116,Pain 1993 - Drake | Julian DeGuzman Choreography | STEEZY.CO,https://www.youtube.com/watch?v=J8vgO8yX5go,18K views,11 months ago,18000
117,Entanglements - August Alsina & Rick Ross | Nicole Kirkland Choreography | STEEZY.CO,https://www.youtube.com/watch?v=89_9V5cb7A4,23K views,11 months ago,23000
118,3 Dancers Choreograph To The Same Song ‚Äì Ft. The Ford Sisters | STEEZY.CO,https://www.youtube.com/watch?v=v4kCgJNAxx8,458K views,11 months ago,458000
119,K - Jaden & Lido | Vinh Nguyen Choreography | STEEZY.CO,https://www.youtube.com/watch?v=RXWNsfNGQP8,38K views,11 months ago,38000
120,Ratchet - Scotty ATL | Kiira Harper Choreography | STEEZY.CO,https://www.youtube.com/watch?v=ynDWE0-P0UM,16K views,11 months ago,16000
121,Go Crazy - Chris Brown & Young Thug | Vinh Nguyen Choreography | STEEZY.CO,https://www.youtube.com/watch?v=Tv8_svPFZUw,171K views,11 months ago,171000
122,Producer Makes Song To Dancer's Choreography! ‚Äì Ft. Martha Kwon & Mizu | STEEZY.CO,https://www.youtube.com/watch?v=1Rr9Rs7LXdY,95K views,11 months ago,95000
123,Baby - Thaddeus Dixon & Kyla Fajardo | Kyla Fajardo Choreography | STEEZY.CO,https://www.youtube.com/watch?v=USqJAtiw2Lo,29K views,11 months ago,29000
124,Comme Un Enfant - Yelle | Brian Friedman Choreography | STEEZY.CO,https://www.youtube.com/watch?v=1aAaoI_y9Mc,10K views,11 months ago,10000
125,Temporary Lover - Chris Brown Ft. Lil Jon | Alexander Chung Choreography | STEEZY.CO,https://www.youtube.com/watch?v=8rdpZutpt9o,24K views,11 months ago,24000
126,How To Choose The Best Heels For Dancing ‚Äì Ft. Kiira Harper | STEEZY.CO,https://www.youtube.com/watch?v=DrGbPtS5Ikw,39K views,11 months ago,39000
127,Get Yourself A Dance Friend Like Him... | STEEZY Vlog #9,https://www.youtube.com/watch?v=3U21x9ZfHPU,10K views,1 year ago,10000
128,You Know Wassup - Kehlani | Ysabelle Capitule Choreography | STEEZY.CO,https://www.youtube.com/watch?v=0ubItWCAfqk,37K views,1 year ago,37000
129,Do It - Chloe x Halle | Kayla Brenda Choreography | STEEZY.CO,https://www.youtube.com/watch?v=svgTXOlTidM,32K views,1 year ago,32000
130,Let There Be Love - Christina Aguilera | Brian Friedman Choreography | STEEZY.CO,https://www.youtube.com/watch?v=zLygVI5R2C0,9.5K views,1 year ago,9500
131,Take Kiira Harper‚Äôs Beginner Heels Program On STEEZY Studio,https://www.youtube.com/watch?v=pHSCbVFQ6jM,21K views,1 year ago,21000
132,Tim Chantarangsu (formerly Timothy DeLaGhetto) Learns His First Dance Routine! | STEEZY.CO,https://www.youtube.com/watch?v=BFUVniVK-FM,201K views,1 year ago,201000
133,New Dance Style On STEEZY?! | STEEZY Vlog #8,https://www.youtube.com/watch?v=ATs99ml6jWw,14K views,1 year ago,14000
134,Donk - Soulja Boy | J Blaze Choreography | STEEZY.CO,https://www.youtube.com/watch?v=WGKEymZApEw,16K views,1 year ago,16000
135,Sour Candy - Lady Gaga & BLACKPINK | David Slaney Choreography | STEEZY.CO,https://www.youtube.com/watch?v=cheu_jRIek4,15K views,1 year ago,15000
136,MAKING THE WORLD‚ÄôS SEXIEST DANCE PROGRAM | STEEZY Vlog #7,https://www.youtube.com/watch?v=OQmEUfBtPeM,25K views,1 year ago,25000
137,Welcome To The Party (Remix) - Pop Smoke Ft. Nicki Minaj | Sienna Lalau Choreography | STEEZY.CO,https://www.youtube.com/watch?v=_2MT2wdnzqU,26K views,1 year ago,26000
138,TikTok Dances 2020 - Savage Remix Challenge Explained! | STEEZY.CO,https://www.youtube.com/watch?v=-Ct58WnV2kE,26K views,1 year ago,26000
139,Touch & Go - Tinashe & 6LACK | Kayla Brenda Choreography | STEEZY.CO,https://www.youtube.com/watch?v=KI28Kjq0nbA,18K views,1 year ago,18000
140,Luving U - 6LACK | Anthony Lee Choreography | STEEZY.CO,https://www.youtube.com/watch?v=gAk7ggbzPyQ,54K views,1 year ago,54000
141,YouTube Twins Nina And Randa Learn A Dance Routine on STEEZY! | STEEZY.CO,https://www.youtube.com/watch?v=LMP1ErbzkZk,147K views,1 year ago,147000
142,Ballet Dancer Takes A Hip Hop Dance Class?! | STEEZY Vlog #6,https://www.youtube.com/watch?v=9SGbZe6fQd8,29K views,1 year ago,29000
143,Super Bass - Nicki Minaj | Ellen Kim Choreography | STEEZY.CO,https://www.youtube.com/watch?v=p7FPhR28_ZA,31K views,1 year ago,31000
144,Producer Makes Song To Dancer's Choreography! ‚Äì Ft. Franklin Yu & TungFuHustle | STEEZY.CO,https://www.youtube.com/watch?v=I_vGS7Po8Uk,180K views,1 year ago,180000
145,"MUSIC VIDEO WITH THE FUTURE KINGZ, AYO & TEO, DYTTO, AND JUSTMAIKO!? | STEEZY Vlog #5",https://www.youtube.com/watch?v=ohDFH4ETlKw,91K views,1 year ago,91000
146,Savage Remix - Megan Thee Stallion Ft. Beyonc√© | NaeNae Twins Choreography | STEEZY.CO,https://www.youtube.com/watch?v=T9s4s7PDsEU,37K views,1 year ago,37000
147,"3 Dancers Choreograph To The Same Song ‚Äì Ft. Lando Wilkins, Jun Quemado, & Jawn Ha | STEEZY.CO",https://www.youtube.com/watch?v=-z4AyPodMMA,425K views,1 year ago,425000
148,MOS WANTED CREW REUNION?! | STEEZY Vlog #4,https://www.youtube.com/watch?v=rE0HEQLqqF4,25K views,1 year ago,25000
149,Savage Remix - Megan Thee Stallion Ft. Beyonc√© | Kiira Harper Choreography | STEEZY.CO,https://www.youtube.com/watch?v=OsHS80Yd-6Q,25K views,1 year ago,25000
150,Can You Hear Me - Omarion Ft. T-Pain | Phil Wright Choreography | STEEZY.CO,https://www.youtube.com/watch?v=teRb74nFEBo,16K views,1 year ago,16000
151,10 Things That Make You A Bad Dancer | STEEZY.CO,https://www.youtube.com/watch?v=q9p9HrRWOB0,110K views,1 year ago,110000
152,He Can Rap‚Ä¶ But Can Tim Chantarangsu Dance?! | STEEZY Vlog #3,https://www.youtube.com/watch?v=ds7iECnaZjM,25K views,1 year ago,25000
153,You Got It - Vedo | Jun Quemado Choreography | STEEZY.CO,https://www.youtube.com/watch?v=LRFWEq5Cad8,81K views,1 year ago,81000
154,Hot - Young Thug Ft. Gunna | Lando Wilkins Choreography | STEEZY.CO,https://www.youtube.com/watch?v=KMBOmge1G-E,17K views,1 year ago,17000
155,"SexBeat - Usher, Lil Jon, & Ludacris | Brian Puspos Choreography | STEEZY.CO",https://www.youtube.com/watch?v=6mXu0f_ZBZg,59K views,1 year ago,59000
156,He's Not Allowed In Our Vlogs... | STEEZY Vlog #2,https://www.youtube.com/watch?v=hg823Qle3Mw,8.4K views,1 year ago,8400
157,"Se√±orita - Shawn Mendes, Camila Cabello | Kayla Brenda Choreography | STEEZY.CO",https://www.youtube.com/watch?v=rE34VurPtaE,35K views,1 year ago,35000
158,"Bacc At It Again - Yella Beezy, Quavo & Gucci Mane | J Blaze Choreography | STEEZY.CO",https://www.youtube.com/watch?v=rZvFitIOOCs,14K views,1 year ago,14000
159,Own It (C Minor Remix) - Ella Mai | Dexter Carr Choreography | STEEZY.CO,https://www.youtube.com/watch?v=wjM9uvcPPQI,20K views,1 year ago,20000
160,"3 Dancers Choreograph To The Same Song ‚Äì Ft. Trevor Takemoto, Devin Pornel, & Jason Lin | STEEZY.CO",https://www.youtube.com/watch?v=RotM-0EPRyc,456K views,1 year ago,456000
161,We Made Our First Vlog and STEEZY Party! | STEEZY Vlog #1,https://www.youtube.com/watch?v=Nw4umDda6OQ,9.3K views,1 year ago,9300
162,Conceited - Remy Ma | Sienna Lalau Choreography | STEEZY.CO,https://www.youtube.com/watch?v=zIedpMi_bU0,50K views,1 year ago,50000
163,Move - Little Mix | Brian Friedman Choreography | STEEZY.CO,https://www.youtube.com/watch?v=9PtAxQGQQMU,25K views,1 year ago,25000
164,Why Am I So Scared Of Freestyling? | Dance Problems Explained! | STEEZY.CO,https://www.youtube.com/watch?v=QzD_O4WLTto,81K views,1 year ago,81000
165,Beauty In The Benz - Tory Lanez | Delaney Glazer Choreography | STEEZY.CO,https://www.youtube.com/watch?v=Zua3Bqqw3sE,34K views,1 year ago,34000
166,Take It Out On Me - Justin Bieber | Alexander Chung Choreography | STEEZY.CO,https://www.youtube.com/watch?v=38w8wiT5KKo,32K views,1 year ago,32000
167,"Jojo Diggs and Jade ""Soul"" Zuberi Share 3 Important Topics on Street Dance Culture",https://www.youtube.com/watch?v=iQI_Bss2mxo,23K views,1 year ago,23000
168,Can I - Tiffany Gouche | Ysabelle Capitule Choreography | STEEZY.CO,https://www.youtube.com/watch?v=wB8Isvo59cI,31K views,1 year ago,31000
169,ROCKSTAR - DaBaby Ft. Roddy Ricch | Nicole Kirkland Choreography | STEEZY.CO,https://www.youtube.com/watch?v=yI8bAdyPuDE,25K views,1 year ago,25000
170,We Made A Dance Routine Over Webcam! ‚Äì Ft. Renzell Roque of The Future Kingz | STEEZY.CO,https://www.youtube.com/watch?v=2Gy95kW8DrU,42K views,1 year ago,42000
171,5 Creative Ways To Practice Dancing At Home | STEEZY.CO,https://www.youtube.com/watch?v=I5Rm7_Ny8Tc,110K views,1 year ago,110000
172,Beginner vs. Advanced Dancer ‚Äì 2 Levels of Dancers Take The Same Class | STEEZY.CO,https://www.youtube.com/watch?v=ktSC_7INNdg,749K views,1 year ago,749000
173,I Tried To Make A Dance Using Other People's Moves | STEEZY.CO,https://www.youtube.com/watch?v=y5X_4cbeQQM,102K views,1 year ago,102000
174,Noah Grossman (from SMOSH) Learns His First Dance Routine! | STEEZY.CO,https://www.youtube.com/watch?v=QG41EHnyFHs,491K views,1 year ago,491000
175,The Future Kingz Freestyle To YOUR Dance Prompts! | The Freestyle Games | STEEZY.CO,https://www.youtube.com/watch?v=VzHBIIWMRpQ,223K views,1 year ago,223000
176,"Happy Birthday, STEEZY! Celebrating 6 Years In 5 Minutes",https://www.youtube.com/watch?v=Xwlu3lpdrbc,10K views,1 year ago,10000
177,Yikes - Nicki Minaj | Nicole Kirkland Choreography | STEEZY.CO,https://www.youtube.com/watch?v=HOqe5C1H-lc,81K views,1 year ago,81000
178,What Is The Cosby Walk / 3 Vets Challenge? | TikTok Dances Explained! | STEEZY.CO,https://www.youtube.com/watch?v=lXoa3CT2utA,149K views,1 year ago,149000
179,"3 Dancers Choreograph To The Same Song ‚Äì Ft. Mikey DellaVella, Teej Medallo, & Kat Dizon | STEEZY.CO",https://www.youtube.com/watch?v=jNnr2uWBEmE,687K views,1 year ago,687000
180,Revenge - Joyner Lucas | Sorah Yang Choreography | STEEZY.CO,https://www.youtube.com/watch?v=Qx6STnGzMXo,55K views,1 year ago,55000
181,What Is The CitiRokk Move From Renegade? | TikTok Dances Explained | STEEZY.CO,https://www.youtube.com/watch?v=f4K3DAwFrVE,61K views,1 year ago,61000
182,MyBoi (TroyBoi Remix) - Billie Eilish | Femme Fatale Choreography | STEEZY.CO,https://www.youtube.com/watch?v=99kMgUkyhnU,35K views,1 year ago,35000
183,S-Rank Freestyles To YOUR Dance Prompts! | The Freestyle Games | STEEZY.CO,https://www.youtube.com/watch?v=xSxThJV5dxQ,207K views,1 year ago,207000
184,Krump vs. Whacking ‚Äì Dancers Learn Each Other‚Äôs Styles! | STEEZY.CO,https://www.youtube.com/watch?v=WARbsIhcqVA,385K views,1 year ago,385000
185,Time Today - BJ The Chicago Kid | Brian Puspos Choreography | STEEZY.CO,https://www.youtube.com/watch?v=3S93iNcI_KA,88K views,1 year ago,88000
186,4 Dancers Freestyle To YOUR Dance Prompts! | The Freestyle Games | STEEZY.CO,https://www.youtube.com/watch?v=ClZ_VqxXrOI,157K views,1 year ago,157000
187,Visualize - SoMo | Jun Quemado Choreography | STEEZY.CO,https://www.youtube.com/watch?v=DNtamvj8bxw,67K views,1 year ago,67000
188,The Dancing Advice That Changed My Life... | STEEZY.CO,https://www.youtube.com/watch?v=6Tb9-3F489g,56K views,1 year ago,56000
189,Get It Shawty - Lloyd | Sorah Yang Choreography | STEEZY.CO,https://www.youtube.com/watch?v=NgVFfnOfop8,45K views,1 year ago,45000
190,I Became A Dancer For The Jabbawockee Show In Vegas At Age 39 ‚Äì Ft. Jojo Diggs | STEEZY.CO,https://www.youtube.com/watch?v=XuNX000xG-0,166K views,1 year ago,166000
191,Big Fish - Chance the Rapper Ft. Gucci Mane | Mykell Wilson Choreography | STEEZY.CO,https://www.youtube.com/watch?v=3OPuUWfg_sg,18K views,1 year ago,18000
192,Indigo - NIKI |  6 Dancers Choreograph To The Same Song ‚Äì Couples Edition | STEEZY.CO,https://www.youtube.com/watch?v=x-d0LUTka4s,1M views,1 year ago,1000000
193,8 Hacks For Shooting Dance Videos On Your Phone | STEEZY.CO,https://www.youtube.com/watch?v=yxrDiS0ZtYc,141K views,1 year ago,141000
194,BOP - DaBaby | Jay Chris Moore Choreography | STEEZY.CO,https://www.youtube.com/watch?v=IuXd3KahMBs,29K views,1 year ago,29000
195,How I Became A Professional Dancer ft. Mykell Wilson | STEEZY.CO,https://www.youtube.com/watch?v=5J_9QpxunkQ,44K views,1 year ago,44000
196,Yummy - Justin Bieber | David Lee Choreography | STEEZY.CO,https://www.youtube.com/watch?v=yOZprisOtaY,87K views,1 year ago,87000
197,How To Teach A Dance Routine - 5 Tips Every Choreographer Should Know | STEEZY.CO,https://www.youtube.com/watch?v=5nzO7n9MN3g,40K views,1 year ago,40000
198,Summer Breeze - Chris Brown | Mykell Wilson Choreography | STEEZY.CO,https://www.youtube.com/watch?v=ZjihADDLduY,28K views,1 year ago,28000
199,"3 Dancers Freestyle To The Same Song ‚Äì Ft. Precise, Kristin Santiago, & Branlee Querubin | STEEZY.CO",https://www.youtube.com/watch?v=7NfhrqJjnqw,542K views,1 year ago,542000
200,"How To Diet, Exercise, And Train Like A Professional Dancer - Ft. Jaja Vankova | STEEZY.CO",https://www.youtube.com/watch?v=YZ6qxnVeVAo,60K views,1 year ago,60000
201,Slide - H.E.R | Nicole Kirkland Choreography | STEEZY.CO,https://www.youtube.com/watch?v=sz2oQpG1ZFA,40K views,1 year ago,40000
202,How To Learn Dance Basics (The Right Way!) | STEEZY.CO,https://www.youtube.com/watch?v=H2AlT3dyQrk,509K views,1 year ago,509000
203,"3 Dancers Choreograph To The Same Song ‚Äì Ft. Carlo Darang, Isidro Rafael, & Junna Yagi | STEEZY.CO",https://www.youtube.com/watch?v=7ZNkdOo34L4,839K views,1 year ago,839000
204,How To Make Cool Dance Videos - Tips From STEEZY's Video Team | STEEZY.CO,https://www.youtube.com/watch?v=bOus6rT52QU,154K views,1 year ago,154000
205,Stage Formations That Killer Dance Teams Always Use - Explained! | STEEZY.CO,https://www.youtube.com/watch?v=UVnZNm8OVxY,50K views,1 year ago,50000
206,How A Professional Dancer Choreographs A Dance Routine ‚Äì Ft. CJ Salvador | STEEZY.CO,https://www.youtube.com/watch?v=qQbnXt0VJuE,420K views,1 year ago,420000
207,Juicy - Doja Cat | Nicole Kirkland Choreography | STEEZY.CO,https://www.youtube.com/watch?v=R1aDqzCAd80,180K views,1 year ago,180000
208,"STEEZY Responds To Your Top Comments - Tips, Advice, and Reactions! | STEEZY.CO",https://www.youtube.com/watch?v=-izbOTo6BFE,24K views,1 year ago,24000
209,How To Find The Counts Of Any Dance Song Like A Pro | STEEZY.CO,https://www.youtube.com/watch?v=N6t8hwKp71g,345K views,1 year ago,345000
